{
	"propertyType":[
		{
			"id": "1",
			"name": "House"

	},

	{
		"id": "2",
		"name": "Apartment"
	},
	{
		"id": "3",
		"name": "Business"
	}


	],

	"operationType":[
		{
			"id": "1",
		    "name": "Sale"
		},
		{
			"id": "2",
		    "name": "Rent"

		}

	],

 "zone":[
 	{
 		"id": 1,
 		"name": "Centro"
 },
 {
 		"id": 2,
 		"name": "Malvin"
 },
 {
 	    "id": 3,
 		"name": "Pocitos"
 },
  {
 	    "id": 4,
 		"name": "Carrasco"
 }
    ],
 "properties":[
 	{
 		"id": 1,
 		"name": "Cedro Azul",
 		"zoneId": 1,
 		"propertyTypeId": 1,
 		"operationTypeId": 1,
 		"details": "A dos cuadras de la playa",
 		"images":[
 		 {
 			"name": "img/1.3.jpg"
 			 
    }],
 		"address": "Rodo4221",
 		"highlighted": true
 },
 {
 	"id": 2,
 		"name": "Casa Rodriguez",
 		"zoneId": 2,
 		"propertyTypeId": 1,
 		"operationTypeId": 1,
 		"details": "Bien amueblada",
 		"images":[
 		 {
 			"name": "img/1.3.jpg"
 			 
    }],
 		"address": "Chana412",
 		"highlighted": true
 },
 {
 	"id": 3,
 		"name": "AptoHoracio",
 		"zoneId": 2,
 		"propertyTypeId": 1,
 		"operationTypeId": 1,
 		"details": "Bien amueblada",
 		"images":[
 		 {
 			"name": "img/1.3.jpg"
 			 
    }],
 		"address": "Chana412",
 		"highlighted": true
 }



    ]

}